Workbook

Sheet Dashboard
B2: XBOX GAME PASS · VENDAS DE ASSINATURAS
B3: 295 assinaturas de 2024. Escolha os filtros nas células amarelas; indicadores e gráficos se atualizam.
B5: Plano | F5: Tipo de assinatura | J5: Renovação automática
B6: Todos | F6: Todos | J6: Todos | N6: Para limpar, volte os três filtros para Todos.
B8: Faturamento | E8: Assinaturas | H8: Ticket médio | K8: Complementos | N8: Cupons concedidos | Q8: Renovação automática
B9: =Cálculos!C9 -> 7633 | E9: =Cálculos!C10 -> 295 | H9: =Cálculos!C11 -> 25.874576 | K9: =Cálculos!C14 -> 6820 | N9: =Cálculos!C13 -> 2122 | Q9: =Cálculos!C18 -> 0.50169492
B11: soma de Total Value | E11: vendas no recorte | H11: faturamento ÷ assinaturas | K11: =IF(Cálculos!C12=0,"",ROUND(Cálculos!C16*100,0)&"% do valor bruto") -> 70% do valor bruto | N11: =IF(Cálculos!C12=0,"",ROUND(Cálculos!C15*100,0)&"% do valor bruto") -> 22% do valor bruto | Q11: das assinaturas
B13: Qual tipo de assinatura gera mais faturamento? | K13: A renovação automática vale mais por assinatura?
B14: =IF(Cálculos!C10=0,"Sem assinaturas com esses filtros.","Assinaturas "&INDEX(Cálculos!B26:B28,MATCH(MAX(Cálculos!D26:D28),Cálculos!D26:D28,0))&" geram "&ROUND(MAX(Cálculos!D26:D28)/Cálculos!D29*100,0)&"% do faturamento ("&INDEX(Cálculos!C26:C28,MATCH(MAX(Cálculos!D26:D28),Cálculos!D26:D28,0))&" assinaturas). O maior ticket médio é do tipo "&INDEX(Cálculos!B26:B28,MATCH(MAX(Cálculos!E26:E28),Cálculos!E26:E28,0))&": "&ROUND(MAX(Cálculos!E26:E28),1)&" por assinatura.") -> Assinaturas Monthly geram 47% do faturamento (139 assinaturas). O maior ticket médio é do tipo Quarterly: 27.2 por assinatura. | K14: =IF(Cálculos!C35=0,"Sem assinaturas com esses filtros.","Com renovação automática o ticket médio é "&ROUND(Cálculos!E33,1)&", contra "&ROUND(Cálculos!E34,1)&" sem renovação. O faturamento é "&Cálculos!D33&" com renovação e "&Cálculos!D34&" sem. O cupom médio é "&ROUND(Cálculos!F33,1)&" com renovação e "&ROUND(Cálculos!F34,1)&" sem.") -> Com renovação automática o ticket médio é 25.6, contra 26.2 sem renovação. O faturamento é 3786 com renovação e 3847 sem. O cupom médio é 7.2 com renovação e 7.2 sem.
B31: Quanto os complementos somam em cada plano? | K31: Como o faturamento evolui mês a mês?
B32: =IF(Cálculos!G42=0,"Sem assinaturas com esses filtros.","EA Play e Minecraft somam "&(Cálculos!D42+Cálculos!E42)&", ou "&ROUND((Cálculos!D42+Cálculos!E42)/(Cálculos!C42+Cálculos!D42+Cálculos!E42)*100,0)&"% do valor bruto. "&IF(AND(Cálculos!D39=0,Cálculos!D40=0,Cálculos!D41>0),"O EA Play só aparece no plano Ultimate. ","")&"Os cupons tiram "&Cálculos!F42&" do valor bruto.") -> EA Play e Minecraft somam 6820, ou 70% do valor bruto. O EA Play só aparece no plano Ultimate. Os cupons tiram 2122 do valor bruto. | K32: =IF(Cálculos!E58=0,"Sem assinaturas com esses filtros.","O mês de maior faturamento é "&INDEX(Cálculos!B46:B57,MATCH(MAX(Cálculos!E46:E57),Cálculos!E46:E57,0))&" ("&MAX(Cálculos!E46:E57)&"). Janeiro e fevereiro têm poucas vendas na base, e dezembro só vai até 16/12.") -> O mês de maior faturamento é Out (832). Janeiro e fevereiro têm poucas vendas na base, e dezembro só vai até 16/12.
B50: Como ler: cada gráfico respeita os filtros acima, exceto a própria dimensão que ele detalha (o gráfico por tipo mostra todos os tipos, e assim por diante).
B51: Base: base.xlsx do desafio (295 assinaturas, 2024). A base não informa a moeda, por isso os valores aparecem sem símbolo. Total Value é o valor registrado em cada venda.
B52: Conferência: em todas as linhas, Total Value = preço da assinatura + EA Play + Minecraft − cupom (ver aba Cálculos).

Sheet Cálculos
B2: Cálculos do dashboard
B3: Tudo aqui é fórmula sobre a aba Bases. Os filtros vêm do Dashboard (células amarelas).
B4: Critério do plano | C4: =IF(Dashboard!$B$6="Todos","*",Dashboard!$B$6) -> *
B5: Critério do tipo | C5: =IF(Dashboard!$F$6="Todos","*",Dashboard!$F$6) -> *
B6: Critério da renovação | C6: =IF(Dashboard!$J$6="Todos","*",Dashboard!$J$6) -> *
B8: Indicadores gerais (respeitam os três filtros)
B9: Faturamento (Total Value) | C9: =SUMIFS(Bases!$M$2:$M$1000,Bases!$C$2:$C$1000,$C$4,Bases!$G$2:$G$1000,$C$5,Bases!$E$2:$E$1000,$C$6) -> 7633
B10: Assinaturas | C10: =COUNTIFS(Bases!$C$2:$C$1000,$C$4,Bases!$G$2:$G$1000,$C$5,Bases!$E$2:$E$1000,$C$6) -> 295
B11: Ticket médio | C11: =IF(C10=0,0,C9/C10) -> 25.874576
B12: Valor bruto (preço + complementos) | C12: =SUMIFS(Bases!$F$2:$F$1000,Bases!$C$2:$C$1000,$C$4,Bases!$G$2:$G$1000,$C$5,Bases!$E$2:$E$1000,$C$6)+SUMIFS(Bases!$O$2:$O$1000,Bases!$C$2:$C$1000,$C$4,Bases!$G$2:$G$1000,$C$5,Bases!$E$2:$E$1000,$C$6)+SUMIFS(Bases!$K$2:$K$1000,Bases!$C$2:$C$1000,$C$4,Bases!$G$2:$G$1000,$C$5,Bases!$E$2:$E$1000,$C$6) -> 9755
B13: Cupons concedidos | C13: =SUMIFS(Bases!$L$2:$L$1000,Bases!$C$2:$C$1000,$C$4,Bases!$G$2:$G$1000,$C$5,Bases!$E$2:$E$1000,$C$6) -> 2122
B14: Receita de complementos (EA Play + Minecraft) | C14: =SUMIFS(Bases!$O$2:$O$1000,Bases!$C$2:$C$1000,$C$4,Bases!$G$2:$G$1000,$C$5,Bases!$E$2:$E$1000,$C$6)+SUMIFS(Bases!$K$2:$K$1000,Bases!$C$2:$C$1000,$C$4,Bases!$G$2:$G$1000,$C$5,Bases!$E$2:$E$1000,$C$6) -> 6820
B15: Cupons como % do valor bruto | C15: =IF(C12=0,0,C13/C12) -> 0.21752947
B16: Complementos como % do valor bruto | C16: =IF(C12=0,0,C14/C12) -> 0.69912865
B17: Assinaturas com renovação automática | C17: =COUNTIFS(Bases!$C$2:$C$1000,$C$4,Bases!$G$2:$G$1000,$C$5,Bases!$E$2:$E$1000,$C$6,Bases!$E$2:$E$1000,"Yes") -> 148
B18: % com renovação automática | C18: =IF(C10=0,0,C17/C10) -> 0.50169492
B20: Linhas na base | C20: =COUNTA(Bases!$A$2:$A$1000) -> 295
B21: Linhas com Total Value divergente | C21: =COUNTIF(Bases!$Q$2:$Q$1000,"Divergente") -> 0
B22: Conferência da base | C22: =IF(C21=0,"OK: Total Value = preço + EA Play + Minecraft − cupom","Divergente") -> OK: Total Value = preço + EA Play + Minecraft − cupom
B24: Pergunta 1: faturamento por tipo de assinatura (respeita plano e renovação; mostra todos os tipos)
B25: Tipo | C25: Assinaturas | D25: Faturamento | E25: Ticket médio | F25: % do faturamento
B26: Monthly | C26: =COUNTIFS(Bases!$C$2:$C$1000,$C$4,Bases!$G$2:$G$1000,$B26,Bases!$E$2:$E$1000,$C$6) -> 139 | D26: =SUMIFS(Bases!$M$2:$M$1000,Bases!$C$2:$C$1000,$C$4,Bases!$G$2:$G$1000,$B26,Bases!$E$2:$E$1000,$C$6) -> 3571 | E26: =IF(C26=0,0,D26/C26) -> 25.690647 | F26: =IF($D$29=0,0,D26/$D$29) -> 0.46783702
B27: Quarterly | C27: =COUNTIFS(Bases!$C$2:$C$1000,$C$4,Bases!$G$2:$G$1000,$B27,Bases!$E$2:$E$1000,$C$6) -> 85 | D27: =SUMIFS(Bases!$M$2:$M$1000,Bases!$C$2:$C$1000,$C$4,Bases!$G$2:$G$1000,$B27,Bases!$E$2:$E$1000,$C$6) -> 2308 | E27: =IF(C27=0,0,D27/C27) -> 27.152941 | F27: =IF($D$29=0,0,D27/$D$29) -> 0.30237128
B28: Annual | C28: =COUNTIFS(Bases!$C$2:$C$1000,$C$4,Bases!$G$2:$G$1000,$B28,Bases!$E$2:$E$1000,$C$6) -> 71 | D28: =SUMIFS(Bases!$M$2:$M$1000,Bases!$C$2:$C$1000,$C$4,Bases!$G$2:$G$1000,$B28,Bases!$E$2:$E$1000,$C$6) -> 1754 | E28: =IF(C28=0,0,D28/C28) -> 24.704225 | F28: =IF($D$29=0,0,D28/$D$29) -> 0.22979169
B29: Total | C29: =SUM(C26:C28) -> 295 | D29: =SUM(D26:D28) -> 7633 | E29: =IF(C29=0,0,D29/C29) -> 25.874576 | F29: =SUM(F26:F28) -> 1
B31: Pergunta 2: renovação automática (respeita plano e tipo; mostra Yes e No)
B32: Renovação automática | C32: Assinaturas | D32: Faturamento | E32: Ticket médio | F32: Cupom médio
B33: Yes | C33: =COUNTIFS(Bases!$C$2:$C$1000,$C$4,Bases!$G$2:$G$1000,$C$5,Bases!$E$2:$E$1000,$B33) -> 148 | D33: =SUMIFS(Bases!$M$2:$M$1000,Bases!$C$2:$C$1000,$C$4,Bases!$G$2:$G$1000,$C$5,Bases!$E$2:$E$1000,$B33) -> 3786 | E33: =IF(C33=0,0,D33/C33) -> 25.581081 | F33: =IF(C33=0,0,SUMIFS(Bases!$L$2:$L$1000,Bases!$C$2:$C$1000,$C$4,Bases!$G$2:$G$1000,$C$5,Bases!$E$2:$E$1000,$B33)/C33) -> 7.1554054
B34: No | C34: =COUNTIFS(Bases!$C$2:$C$1000,$C$4,Bases!$G$2:$G$1000,$C$5,Bases!$E$2:$E$1000,$B34) -> 147 | D34: =SUMIFS(Bases!$M$2:$M$1000,Bases!$C$2:$C$1000,$C$4,Bases!$G$2:$G$1000,$C$5,Bases!$E$2:$E$1000,$B34) -> 3847 | E34: =IF(C34=0,0,D34/C34) -> 26.170068 | F34: =IF(C34=0,0,SUMIFS(Bases!$L$2:$L$1000,Bases!$C$2:$C$1000,$C$4,Bases!$G$2:$G$1000,$C$5,Bases!$E$2:$E$1000,$B34)/C34) -> 7.2312925
B35: Total | C35: =SUM(C33:C34) -> 295 | D35: =SUM(D33:D34) -> 7633 | E35: =IF(C35=0,0,D35/C35) -> 25.874576 | F35: =IF(C35=0,0,(F33*C33+F34*C34)/C35) -> 7.1932203
B37: Pergunta 3: composição do valor por plano (respeita tipo e renovação; mostra todos os planos)
B38: Plano | C38: Assinatura base | D38: EA Play | E38: Minecraft | F38: Cupons | G38: Faturamento
B39: Core | C39: =SUMIFS(Bases!$F$2:$F$1000,Bases!$C$2:$C$1000,$B39,Bases!$G$2:$G$1000,$C$5,Bases!$E$2:$E$1000,$C$6) -> 505 | D39: =SUMIFS(Bases!$O$2:$O$1000,Bases!$C$2:$C$1000,$B39,Bases!$G$2:$G$1000,$C$5,Bases!$E$2:$E$1000,$C$6) -> 0 | E39: =SUMIFS(Bases!$K$2:$K$1000,Bases!$C$2:$C$1000,$B39,Bases!$G$2:$G$1000,$C$5,Bases!$E$2:$E$1000,$C$6) -> 0 | F39: =SUMIFS(Bases!$L$2:$L$1000,Bases!$C$2:$C$1000,$B39,Bases!$G$2:$G$1000,$C$5,Bases!$E$2:$E$1000,$C$6) -> 61 | G39: =SUMIFS(Bases!$M$2:$M$1000,Bases!$C$2:$C$1000,$B39,Bases!$G$2:$G$1000,$C$5,Bases!$E$2:$E$1000,$C$6) -> 444
B40: Standard | C40: =SUMIFS(Bases!$F$2:$F$1000,Bases!$C$2:$C$1000,$B40,Bases!$G$2:$G$1000,$C$5,Bases!$E$2:$E$1000,$C$6) -> 960 | D40: =SUMIFS(Bases!$O$2:$O$1000,Bases!$C$2:$C$1000,$B40,Bases!$G$2:$G$1000,$C$5,Bases!$E$2:$E$1000,$C$6) -> 0 | E40: =SUMIFS(Bases!$K$2:$K$1000,Bases!$C$2:$C$1000,$B40,Bases!$G$2:$G$1000,$C$5,Bases!$E$2:$E$1000,$C$6) -> 1920 | F40: =SUMIFS(Bases!$L$2:$L$1000,Bases!$C$2:$C$1000,$B40,Bases!$G$2:$G$1000,$C$5,Bases!$E$2:$E$1000,$C$6) -> 1079 | G40: =SUMIFS(Bases!$M$2:$M$1000,Bases!$C$2:$C$1000,$B40,Bases!$G$2:$G$1000,$C$5,Bases!$E$2:$E$1000,$C$6) -> 1801
B41: Ultimate | C41: =SUMIFS(Bases!$F$2:$F$1000,Bases!$C$2:$C$1000,$B41,Bases!$G$2:$G$1000,$C$5,Bases!$E$2:$E$1000,$C$6) -> 1470 | D41: =SUMIFS(Bases!$O$2:$O$1000,Bases!$C$2:$C$1000,$B41,Bases!$G$2:$G$1000,$C$5,Bases!$E$2:$E$1000,$C$6) -> 2940 | E41: =SUMIFS(Bases!$K$2:$K$1000,Bases!$C$2:$C$1000,$B41,Bases!$G$2:$G$1000,$C$5,Bases!$E$2:$E$1000,$C$6) -> 1960 | F41: =SUMIFS(Bases!$L$2:$L$1000,Bases!$C$2:$C$1000,$B41,Bases!$G$2:$G$1000,$C$5,Bases!$E$2:$E$1000,$C$6) -> 982 | G41: =SUMIFS(Bases!$M$2:$M$1000,Bases!$C$2:$C$1000,$B41,Bases!$G$2:$G$1000,$C$5,Bases!$E$2:$E$1000,$C$6) -> 5388
B42: Total | C42: =SUM(C39:C41) -> 2935 | D42: =SUM(D39:D41) -> 2940 | E42: =SUM(E39:E41) -> 3880 | F42: =SUM(F39:F41) -> 2122 | G42: =SUM(G39:G41) -> 7633
B44: Pergunta 4: evolução mensal (respeita os três filtros)
B45: Mês | C45: Início do mês | D45: Assinaturas | E45: Faturamento
B46: Jan | C46: =DATE(YEAR(MIN(Bases!$D$2:$D$1000)),1,1) -> 45292 | D46: =COUNTIFS(Bases!$C$2:$C$1000,$C$4,Bases!$G$2:$G$1000,$C$5,Bases!$E$2:$E$1000,$C$6,Bases!$N$2:$N$1000,$C46) -> 2 | E46: =SUMIFS(Bases!$M$2:$M$1000,Bases!$C$2:$C$1000,$C$4,Bases!$G$2:$G$1000,$C$5,Bases!$E$2:$E$1000,$C$6,Bases!$N$2:$N$1000,$C46) -> 65
B47: Fev | C47: =DATE(YEAR(MIN(Bases!$D$2:$D$1000)),2,1) -> 45323 | D47: =COUNTIFS(Bases!$C$2:$C$1000,$C$4,Bases!$G$2:$G$1000,$C$5,Bases!$E$2:$E$1000,$C$6,Bases!$N$2:$N$1000,$C47) -> 2 | E47: =SUMIFS(Bases!$M$2:$M$1000,Bases!$C$2:$C$1000,$C$4,Bases!$G$2:$G$1000,$C$5,Bases!$E$2:$E$1000,$C$6,Bases!$N$2:$N$1000,$C47) -> 82
B48: Mar | C48: =DATE(YEAR(MIN(Bases!$D$2:$D$1000)),3,1) -> 45352 | D48: =COUNTIFS(Bases!$C$2:$C$1000,$C$4,Bases!$G$2:$G$1000,$C$5,Bases!$E$2:$E$1000,$C$6,Bases!$N$2:$N$1000,$C48) -> 31 | E48: =SUMIFS(Bases!$M$2:$M$1000,Bases!$C$2:$C$1000,$C$4,Bases!$G$2:$G$1000,$C$5,Bases!$E$2:$E$1000,$C$6,Bases!$N$2:$N$1000,$C48) -> 801
B49: Abr | C49: =DATE(YEAR(MIN(Bases!$D$2:$D$1000)),4,1) -> 45383 | D49: =COUNTIFS(Bases!$C$2:$C$1000,$C$4,Bases!$G$2:$G$1000,$C$5,Bases!$E$2:$E$1000,$C$6,Bases!$N$2:$N$1000,$C49) -> 30 | E49: =SUMIFS(Bases!$M$2:$M$1000,Bases!$C$2:$C$1000,$C$4,Bases!$G$2:$G$1000,$C$5,Bases!$E$2:$E$1000,$C$6,Bases!$N$2:$N$1000,$C49) -> 782
B50: Mai | C50: =DATE(YEAR(MIN(Bases!$D$2:$D$1000)),5,1) -> 45413 | D50: =COUNTIFS(Bases!$C$2:$C$1000,$C$4,Bases!$G$2:$G$1000,$C$5,Bases!$E$2:$E$1000,$C$6,Bases!$N$2:$N$1000,$C50) -> 31 | E50: =SUMIFS(Bases!$M$2:$M$1000,Bases!$C$2:$C$1000,$C$4,Bases!$G$2:$G$1000,$C$5,Bases!$E$2:$E$1000,$C$6,Bases!$N$2:$N$1000,$C50) -> 777
B51: Jun | C51: =DATE(YEAR(MIN(Bases!$D$2:$D$1000)),6,1) -> 45444 | D51: =COUNTIFS(Bases!$C$2:$C$1000,$C$4,Bases!$G$2:$G$1000,$C$5,Bases!$E$2:$E$1000,$C$6,Bases!$N$2:$N$1000,$C51) -> 30 | E51: =SUMIFS(Bases!$M$2:$M$1000,Bases!$C$2:$C$1000,$C$4,Bases!$G$2:$G$1000,$C$5,Bases!$E$2:$E$1000,$C$6,Bases!$N$2:$N$1000,$C51) -> 770
B52: Jul | C52: =DATE(YEAR(MIN(Bases!$D$2:$D$1000)),7,1) -> 45474 | D52: =COUNTIFS(Bases!$C$2:$C$1000,$C$4,Bases!$G$2:$G$1000,$C$5,Bases!$E$2:$E$1000,$C$6,Bases!$N$2:$N$1000,$C52) -> 31 | E52: =SUMIFS(Bases!$M$2:$M$1000,Bases!$C$2:$C$1000,$C$4,Bases!$G$2:$G$1000,$C$5,Bases!$E$2:$E$1000,$C$6,Bases!$N$2:$N$1000,$C52) -> 784
B53: Ago | C53: =DATE(YEAR(MIN(Bases!$D$2:$D$1000)),8,1) -> 45505 | D53: =COUNTIFS(Bases!$C$2:$C$1000,$C$4,Bases!$G$2:$G$1000,$C$5,Bases!$E$2:$E$1000,$C$6,Bases!$N$2:$N$1000,$C53) -> 31 | E53: =SUMIFS(Bases!$M$2:$M$1000,Bases!$C$2:$C$1000,$C$4,Bases!$G$2:$G$1000,$C$5,Bases!$E$2:$E$1000,$C$6,Bases!$N$2:$N$1000,$C53) -> 787
B54: Set | C54: =DATE(YEAR(MIN(Bases!$D$2:$D$1000)),9,1) -> 45536 | D54: =COUNTIFS(Bases!$C$2:$C$1000,$C$4,Bases!$G$2:$G$1000,$C$5,Bases!$E$2:$E$1000,$C$6,Bases!$N$2:$N$1000,$C54) -> 30 | E54: =SUMIFS(Bases!$M$2:$M$1000,Bases!$C$2:$C$1000,$C$4,Bases!$G$2:$G$1000,$C$5,Bases!$E$2:$E$1000,$C$6,Bases!$N$2:$N$1000,$C54) -> 780
B55: Out | C55: =DATE(YEAR(MIN(Bases!$D$2:$D$1000)),10,1) -> 45566 | D55: =COUNTIFS(Bases!$C$2:$C$1000,$C$4,Bases!$G$2:$G$1000,$C$5,Bases!$E$2:$E$1000,$C$6,Bases!$N$2:$N$1000,$C55) -> 31 | E55: =SUMIFS(Bases!$M$2:$M$1000,Bases!$C$2:$C$1000,$C$4,Bases!$G$2:$G$1000,$C$5,Bases!$E$2:$E$1000,$C$6,Bases!$N$2:$N$1000,$C55) -> 832
B56: Nov | C56: =DATE(YEAR(MIN(Bases!$D$2:$D$1000)),11,1) -> 45597 | D56: =COUNTIFS(Bases!$C$2:$C$1000,$C$4,Bases!$G$2:$G$1000,$C$5,Bases!$E$2:$E$1000,$C$6,Bases!$N$2:$N$1000,$C56) -> 30 | E56: =SUMIFS(Bases!$M$2:$M$1000,Bases!$C$2:$C$1000,$C$4,Bases!$G$2:$G$1000,$C$5,Bases!$E$2:$E$1000,$C$6,Bases!$N$2:$N$1000,$C56) -> 784
B57: Dez | C57: =DATE(YEAR(MIN(Bases!$D$2:$D$1000)),12,1) -> 45627 | D57: =COUNTIFS(Bases!$C$2:$C$1000,$C$4,Bases!$G$2:$G$1000,$C$5,Bases!$E$2:$E$1000,$C$6,Bases!$N$2:$N$1000,$C57) -> 16 | E57: =SUMIFS(Bases!$M$2:$M$1000,Bases!$C$2:$C$1000,$C$4,Bases!$G$2:$G$1000,$C$5,Bases!$E$2:$E$1000,$C$6,Bases!$N$2:$N$1000,$C57) -> 389
B58: Total | D58: =SUM(D46:D57) -> 295 | E58: =SUM(E46:E57) -> 7633

Sheet Bases
A1: Subscriber ID | B1: Name | C1: Plan | D1: Start Date | E1: Auto Renewal | F1: Subscription Price | G1: Subscription Type | H1: EA Play Season Pass | I1: EA Play Season Pass Price | J1: Minecraft Season Pass | K1: Minecraft Season Pass Price | L1: Coupon Value | M1: Total Value | N1: Mês (auxiliar) | O1: EA Play valor (auxiliar) | P1: Valor bruto (auxiliar) | Q1: Conferência (auxiliar)
A2: 3231 | B2: João Silva | C2: Ultimate | D2: 45292 | E2: Yes | F2: 15 | G2: Monthly | H2: Yes | I2: 30 | J2: Yes | K2: 20 | L2: 5 | M2: 60 | N2: =IF(D2="","",DATE(YEAR(D2),MONTH(D2),1)) -> 45292 | O2: =IF(A2="","",IF(ISNUMBER(I2),I2,0)) -> 30 | P2: =IF(A2="","",F2+O2+K2) -> 65 | Q2: =IF(A2="","",IF(P2-L2=M2,"OK","Divergente")) -> OK
A3: 3232 | B3: Maria Oliveira | C3: Core | D3: 45306 | E3: No | F3: 5 | G3: Annual | H3: No | I3: - | J3: No | K3: 0 | L3: 0 | M3: 5 | N3: =IF(D3="","",DATE(YEAR(D3),MONTH(D3),1)) -> 45292 | O3: =IF(A3="","",IF(ISNUMBER(I3),I3,0)) -> 0 | P3: =IF(A3="","",F3+O3+K3) -> 5 | Q3: =IF(A3="","",IF(P3-L3=M3,"OK","Divergente")) -> OK
A4: 3233 | B4: Lucas Fernandes | C4: Standard | D4: 45332 | E4: Yes | F4: 10 | G4: Quarterly | H4: No | I4: - | J4: Yes | K4: 20 | L4: 10 | M4: 20 | N4: =IF(D4="","",DATE(YEAR(D4),MONTH(D4),1)) -> 45323 | O4: =IF(A4="","",IF(ISNUMBER(I4),I4,0)) -> 0 | P4: =IF(A4="","",F4+O4+K4) -> 30 | Q4: =IF(A4="","",IF(P4-L4=M4,"OK","Divergente")) -> OK
A5: 3234 | B5: Ana Souza | C5: Ultimate | D5: 45342 | E5: No | F5: 15 | G5: Monthly | H5: Yes | I5: 30 | J5: Yes | K5: 20 | L5: 3 | M5: 62 | N5: =IF(D5="","",DATE(YEAR(D5),MONTH(D5),1)) -> 45323 | O5: =IF(A5="","",IF(ISNUMBER(I5),I5,0)) -> 30 | P5: =IF(A5="","",F5+O5+K5) -> 65 | Q5: =IF(A5="","",IF(P5-L5=M5,"OK","Divergente")) -> OK
A6: 3235 | B6: Pedro Gonçalves | C6: Core | D6: 45356 | E6: Yes | F6: 5 | G6: Monthly | H6: No | I6: - | J6: No | K6: 0 | L6: 1 | M6: 4 | N6: =IF(D6="","",DATE(YEAR(D6),MONTH(D6),1)) -> 45352 | O6: =IF(A6="","",IF(ISNUMBER(I6),I6,0)) -> 0 | P6: =IF(A6="","",F6+O6+K6) -> 5 | Q6: =IF(A6="","",IF(P6-L6=M6,"OK","Divergente")) -> OK
A7: 3236 | B7: Felipe Costa | C7: Standard | D7: 45353 | E7: No | F7: 10 | G7: Monthly | H7: No | I7: - | J7: Yes | K7: 20 | L7: 2 | M7: 28 | N7: =IF(D7="","",DATE(YEAR(D7),MONTH(D7),1)) -> 45352 | O7: =IF(A7="","",IF(ISNUMBER(I7),I7,0)) -> 0 | P7: =IF(A7="","",F7+O7+K7) -> 30 | Q7: =IF(A7="","",IF(P7-L7=M7,"OK","Divergente")) -> OK
A8: 3237 | B8: Camila Ribeiro | C8: Ultimate | D8: 45354 | E8: Yes | F8: 15 | G8: Quarterly | H8: Yes | I8: 30 | J8: Yes | K8: 20 | L8: 10 | M8: 55 | N8: =IF(D8="","",DATE(YEAR(D8),MONTH(D8),1)) -> 45352 | O8: =IF(A8="","",IF(ISNUMBER(I8),I8,0)) -> 30 | P8: =IF(A8="","",F8+O8+K8) -> 65 | Q8: =IF(A8="","",IF(P8-L8=M8,"OK","Divergente")) -> OK
A9: 3238 | B9: André Mendes | C9: Core | D9: 45355 | E9: Yes | F9: 5 | G9: Annual | H9: No | I9: - | J9: No | K9: 0 | L9: 0 | M9: 5 | N9: =IF(D9="","",DATE(YEAR(D9),MONTH(D9),1)) -> 45352 | O9: =IF(A9="","",IF(ISNUMBER(I9),I9,0)) -> 0 | P9: =IF(A9="","",F9+O9+K9) -> 5 | Q9: =IF(A9="","",IF(P9-L9=M9,"OK","Divergente")) -> OK
A10: 3239 | B10: Sofia Almeida | C10: Ultimate | D10: 45356 | E10: No | F10: 15 | G10: Monthly | H10: Yes | I10: 30 | J10: Yes | K10: 20 | L10: 5 | M10: 60 | N10: =IF(D10="","",DATE(YEAR(D10),MONTH(D10),1)) -> 45352 | O10: =IF(A10="","",IF(ISNUMBER(I10),I10,0)) -> 30 | P10: =IF(A10="","",F10+O10+K10) -> 65 | Q10: =IF(A10="","",IF(P10-L10=M10,"OK","Divergente")) -> OK
A11: 3240 | B11: Bruno Martins | C11: Standard | D11: 45357 | E11: Yes | F11: 10 | G11: Quarterly | H11: No | I11: - | J11: Yes | K11: 20 | L11: 15 | M11: 15 | N11: =IF(D11="","",DATE(YEAR(D11),MONTH(D11),1)) -> 45352 | O11: =IF(A11="","",IF(ISNUMBER(I11),I11,0)) -> 0 | P11: =IF(A11="","",F11+O11+K11) -> 30 | Q11: =IF(A11="","",IF(P11-L11=M11,"OK","Divergente")) -> OK
A12: 3241 | B12: Rita Castro | C12: Core | D12: 45358 | E12: No | F12: 5 | G12: Monthly | H12: No | I12: - | J12: No | K12: 0 | L12: 1 | M12: 4 | N12: =IF(D12="","",DATE(YEAR(D12),MONTH(D12),1)) -> 45352 | O12: =IF(A12="","",IF(ISNUMBER(I12),I12,0)) -> 0 | P12: =IF(A12="","",F12+O12+K12) -> 5 | Q12: =IF(A12="","",IF(P12-L12=M12,"OK","Divergente")) -> OK
A13: 3242 | B13: Marco Túlio | C13: Ultimate | D13: 45359 | E13: Yes | F13: 15 | G13: Annual | H13: Yes | I13: 30 | J13: Yes | K13: 20 | L13: 20 | M13: 45 | N13: =IF(D13="","",DATE(YEAR(D13),MONTH(D13),1)) -> 45352 | O13: =IF(A13="","",IF(ISNUMBER(I13),I13,0)) -> 30 | P13: =IF(A13="","",F13+O13+K13) -> 65 | Q13: =IF(A13="","",IF(P13-L13=M13,"OK","Divergente")) -> OK
A14: 3243 | B14: Lívia Silveira | C14: Standard | D14: 45360 | E14: No | F14: 10 | G14: Monthly | H14: No | I14: - | J14: Yes | K14: 20 | L14: 10 | M14: 20 | N14: =IF(D14="","",DATE(YEAR(D14),MONTH(D14),1)) -> 45352 | O14: =IF(A14="","",IF(ISNUMBER(I14),I14,0)) -> 0 | P14: =IF(A14="","",F14+O14+K14) -> 30 | Q14: =IF(A14="","",IF(P14-L14=M14,"OK","Divergente")) -> OK
A15: 3244 | B15: Diogo Sousa | C15: Core | D15: 45361 | E15: Yes | F15: 5 | G15: Quarterly | H15: No | I15: - | J15: No | K15: 0 | L15: 0 | M15: 5 | N15: =IF(D15="","",DATE(YEAR(D15),MONTH(D15),1)) -> 45352 | O15: =IF(A15="","",IF(ISNUMBER(I15),I15,0)) -> 0 | P15: =IF(A15="","",F15+O15+K15) -> 5 | Q15: =IF(A15="","",IF(P15-L15=M15,"OK","Divergente")) -> OK
A16: 3245 | B16: Fernanda Lima | C16: Ultimate | D16: 45362 | E16: No | F16: 15 | G16: Monthly | H16: Yes | I16: 30 | J16: Yes | K16: 20 | L16: 8 | M16: 57 | N16: =IF(D16="","",DATE(YEAR(D16),MONTH(D16),1)) -> 45352 | O16: =IF(A16="","",IF(ISNUMBER(I16),I16,0)) -> 30 | P16: =IF(A16="","",F16+O16+K16) -> 65 | Q16: =IF(A16="","",IF(P16-L16=M16,"OK","Divergente")) -> OK
A17: 3246 | B17: Caio Pereira | C17: Standard | D17: 45363 | E17: Yes | F17: 10 | G17: Annual | H17: No | I17: - | J17: Yes | K17: 20 | L17: 12 | M17: 18 | N17: =IF(D17="","",DATE(YEAR(D17),MONTH(D17),1)) -> 45352 | O17: =IF(A17="","",IF(ISNUMBER(I17),I17,0)) -> 0 | P17: =IF(A17="","",F17+O17+K17) -> 30 | Q17: =IF(A17="","",IF(P17-L17=M17,"OK","Divergente")) -> OK
A18: 3247 | B18: Beatriz Gomes | C18: Core | D18: 45364 | E18: No | F18: 5 | G18: Monthly | H18: No | I18: - | J18: No | K18: 0 | L18: 2 | M18: 3 | N18: =IF(D18="","",DATE(YEAR(D18),MONTH(D18),1)) -> 45352 | O18: =IF(A18="","",IF(ISNUMBER(I18),I18,0)) -> 0 | P18: =IF(A18="","",F18+O18+K18) -> 5 | Q18: =IF(A18="","",IF(P18-L18=M18,"OK","Divergente")) -> OK
A19: 3248 | B19: Cesar Oliveira | C19: Ultimate | D19: 45365 | E19: Yes | F19: 15 | G19: Quarterly | H19: Yes | I19: 30 | J19: Yes | K19: 20 | L19: 7 | M19: 58 | N19: =IF(D19="","",DATE(YEAR(D19),MONTH(D19),1)) -> 45352 | O19: =IF(A19="","",IF(ISNUMBER(I19),I19,0)) -> 30 | P19: =IF(A19="","",F19+O19+K19) -> 65 | Q19: =IF(A19="","",IF(P19-L19=M19,"OK","Divergente")) -> OK
A20: 3249 | B20: Débora Machado | C20: Standard | D20: 45366 | E20: No | F20: 10 | G20: Monthly | H20: No | I20: - | J20: Yes | K20: 20 | L20: 5 | M20: 25 | N20: =IF(D20="","",DATE(YEAR(D20),MONTH(D20),1)) -> 45352 | O20: =IF(A20="","",IF(ISNUMBER(I20),I20,0)) -> 0 | P20: =IF(A20="","",F20+O20+K20) -> 30 | Q20: =IF(A20="","",IF(P20-L20=M20,"OK","Divergente")) -> OK
A21: 3250 | B21: Eduardo Vargas | C21: Core | D21: 45367 | E21: Yes | F21: 5 | G21: Annual | H21: No | I21: - | J21: No | K21: 0 | L21: 0 | M21: 5 | N21: =IF(D21="","",DATE(YEAR(D21),MONTH(D21),1)) -> 45352 | O21: =IF(A21="","",IF(ISNUMBER(I21),I21,0)) -> 0 | P21: =IF(A21="","",F21+O21+K21) -> 5 | Q21: =IF(A21="","",IF(P21-L21=M21,"OK","Divergente")) -> OK
A22: 3251 | B22: Gabriela Santos | C22: Ultimate | D22: 45368 | E22: No | F22: 15 | G22: Monthly | H22: Yes | I22: 30 | J22: Yes | K22: 20 | L22: 3 | M22: 62 | N22: =IF(D22="","",DATE(YEAR(D22),MONTH(D22),1)) -> 45352 | O22: =IF(A22="","",IF(ISNUMBER(I22),I22,0)) -> 30 | P22: =IF(A22="","",F22+O22+K22) -> 65 | Q22: =IF(A22="","",IF(P22-L22=M22,"OK","Divergente")) -> OK
A23: 3252 | B23: Henrique Dias | C23: Standard | D23: 45369 | E23: Yes | F23: 10 | G23: Quarterly | H23: No | I23: - | J23: Yes | K23: 20 | L23: 15 | M23: 15 | N23: =IF(D23="","",DATE(YEAR(D23),MONTH(D23),1)) -> 45352 | O23: =IF(A23="","",IF(ISNUMBER(I23),I23,0)) -> 0 | P23: =IF(A23="","",F23+O23+K23) -> 30 | Q23: =IF(A23="","",IF(P23-L23=M23,"OK","Divergente")) -> OK
A24: 3253 | B24: Isabela Moreira | C24: Core | D24: 45370 | E24: No | F24: 5 | G24: Monthly | H24: No | I24: - | J24: No | K24: 0 | L24: 1 | M24: 4 | N24: =IF(D24="","",DATE(YEAR(D24),MONTH(D24),1)) -> 45352 | O24: =IF(A24="","",IF(ISNUMBER(I24),I24,0)) -> 0 | P24: =IF(A24="","",F24+O24+K24) -> 5 | Q24: =IF(A24="","",IF(P24-L24=M24,"OK","Divergente")) -> OK
A25: 3254 | B25: Joaquim Barbosa | C25: Ultimate | D25: 45371 | E25: Yes | F25: 15 | G25: Annual | H25: Yes | I25: 30 | J25: Yes | K25: 20 | L25: 20 | M25: 45 | N25: =IF(D25="","",DATE(YEAR(D25),MONTH(D25),1)) -> 45352 | O25: =IF(A25="","",IF(ISNUMBER(I25),I25,0)) -> 30 | P25: =IF(A25="","",F25+O25+K25) -> 65 | Q25: =IF(A25="","",IF(P25-L25=M25,"OK","Divergente")) -> OK
A26: 3255 | B26: Lara Rocha | C26: Standard | D26: 45372 | E26: No | F26: 10 | G26: Monthly | H26: No | I26: - | J26: Yes | K26: 20 | L26: 10 | M26: 20 | N26: =IF(D26="","",DATE(YEAR(D26),MONTH(D26),1)) -> 45352 | O26: =IF(A26="","",IF(ISNUMBER(I26),I26,0)) -> 0 | P26: =IF(A26="","",F26+O26+K26) -> 30 | Q26: =IF(A26="","",IF(P26-L26=M26,"OK","Divergente")) -> OK
A27: 3256 | B27: Matheus Silva | C27: Core | D27: 45373 | E27: Yes | F27: 5 | G27: Quarterly | H27: No | I27: - | J27: No | K27: 0 | L27: 0 | M27: 5 | N27: =IF(D27="","",DATE(YEAR(D27),MONTH(D27),1)) -> 45352 | O27: =IF(A27="","",IF(ISNUMBER(I27),I27,0)) -> 0 | P27: =IF(A27="","",F27+O27+K27) -> 5 | Q27: =IF(A27="","",IF(P27-L27=M27,"OK","Divergente")) -> OK
A28: 3257 | B28: Nicole Costa | C28: Ultimate | D28: 45374 | E28: No | F28: 15 | G28: Monthly | H28: Yes | I28: 30 | J28: Yes | K28: 20 | L28: 5 | M28: 60 | N28: =IF(D28="","",DATE(YEAR(D28),MONTH(D28),1)) -> 45352 | O28: =IF(A28="","",IF(ISNUMBER(I28),I28,0)) -> 30 | P28: =IF(A28="","",F28+O28+K28) -> 65 | Q28: =IF(A28="","",IF(P28-L28=M28,"OK","Divergente")) -> OK
A29: 3258 | B29: Otávio Mendonça | C29: Standard | D29: 45375 | E29: Yes | F29: 10 | G29: Annual | H29: No | I29: - | J29: Yes | K29: 20 | L29: 15 | M29: 15 | N29: =IF(D29="","",DATE(YEAR(D29),MONTH(D29),1)) -> 45352 | O29: =IF(A29="","",IF(ISNUMBER(I29),I29,0)) -> 0 | P29: =IF(A29="","",F29+O29+K29) -> 30 | Q29: =IF(A29="","",IF(P29-L29=M29,"OK","Divergente")) -> OK
A30: 3259 | B30: Paula Ferreira | C30: Core | D30: 45376 | E30: No | F30: 5 | G30: Monthly | H30: No | I30: - | J30: No | K30: 0 | L30: 1 | M30: 4 | N30: =IF(D30="","",DATE(YEAR(D30),MONTH(D30),1)) -> 45352 | O30: =IF(A30="","",IF(ISNUMBER(I30),I30,0)) -> 0 | P30: =IF(A30="","",F30+O30+K30) -> 5 | Q30: =IF(A30="","",IF(P30-L30=M30,"OK","Divergente")) -> OK
A31: 3260 | B31: Raquel Alves | C31: Ultimate | D31: 45377 | E31: Yes | F31: 15 | G31: Quarterly | H31: Yes | I31: 30 | J31: Yes | K31: 20 | L31: 7 | M31: 58 | N31: =IF(D31="","",DATE(YEAR(D31),MONTH(D31),1)) -> 45352 | O31: =IF(A31="","",IF(ISNUMBER(I31),I31,0)) -> 30 | P31: =IF(A31="","",F31+O31+K31) -> 65 | Q31: =IF(A31="","",IF(P31-L31=M31,"OK","Divergente")) -> OK
A32: 3261 | B32: Samuel Pires | C32: Standard | D32: 45378 | E32: No | F32: 10 | G32: Monthly | H32: No | I32: - | J32: Yes | K32: 20 | L32: 10 | M32: 20 | N32: =IF(D32="","",DATE(YEAR(D32),MONTH(D32),1)) -> 45352 | O32: =IF(A32="","",IF(ISNUMBER(I32),I32,0)) -> 0 | P32: =IF(A32="","",F32+O32+K32) -> 30 | Q32: =IF(A32="","",IF(P32-L32=M32,"OK","Divergente")) -> OK
A33: 3262 | B33: Tânia Barros | C33: Core | D33: 45379 | E33: Yes | F33: 5 | G33: Annual | H33: No | I33: - | J33: No | K33: 0 | L33: 0 | M33: 5 | N33: =IF(D33="","",DATE(YEAR(D33),MONTH(D33),1)) -> 45352 | O33: =IF(A33="","",IF(ISNUMBER(I33),I33,0)) -> 0 | P33: =IF(A33="","",F33+O33+K33) -> 5 | Q33: =IF(A33="","",IF(P33-L33=M33,"OK","Divergente")) -> OK
A34: 3263 | B34: Vinicius Lima | C34: Ultimate | D34: 45380 | E34: No | F34: 15 | G34: Monthly | H34: Yes | I34: 30 | J34: Yes | K34: 20 | L34: 3 | M34: 62 | N34: =IF(D34="","",DATE(YEAR(D34),MONTH(D34),1)) -> 45352 | O34: =IF(A34="","",IF(ISNUMBER(I34),I34,0)) -> 30 | P34: =IF(A34="","",F34+O34+K34) -> 65 | Q34: =IF(A34="","",IF(P34-L34=M34,"OK","Divergente")) -> OK
A35: 3264 | B35: Yasmin Teixeira | C35: Standard | D35: 45381 | E35: Yes | F35: 10 | G35: Quarterly | H35: No | I35: - | J35: Yes | K35: 20 | L35: 15 | M35: 15 | N35: =IF(D35="","",DATE(YEAR(D35),MONTH(D35),1)) -> 45352 | O35: =IF(A35="","",IF(ISNUMBER(I35),I35,0)) -> 0 | P35: =IF(A35="","",F35+O35+K35) -> 30 | Q35: =IF(A35="","",IF(P35-L35=M35,"OK","Divergente")) -> OK
A36: 3265 | B36: Zé Carlos | C36: Core | D36: 45382 | E36: No | F36: 5 | G36: Monthly | H36: No | I36: - | J36: No | K36: 0 | L36: 1 | M36: 4 | N36: =IF(D36="","",DATE(YEAR(D36),MONTH(D36),1)) -> 45352 | O36: =IF(A36="","",IF(ISNUMBER(I36),I36,0)) -> 0 | P36: =IF(A36="","",F36+O36+K36) -> 5 | Q36: =IF(A36="","",IF(P36-L36=M36,"OK","Divergente")) -> OK
A37: 3266 | B37: Amanda Nogueira | C37: Core | D37: 45383 | E37: Yes | F37: 5 | G37: Monthly | H37: No | I37: - | J37: No | K37: 0 | L37: 0 | M37: 5 | N37: =IF(D37="","",DATE(YEAR(D37),MONTH(D37),1)) -> 45383 | O37: =IF(A37="","",IF(ISNUMBER(I37),I37,0)) -> 0 | P37: =IF(A37="","",F37+O37+K37) -> 5 | Q37: =IF(A37="","",IF(P37-L37=M37,"OK","Divergente")) -> OK
A38: 3267 | B38: Bruno Cavalheiro | C38: Ultimate | D38: 45384 | E38: No | F38: 15 | G38: Quarterly | H38: Yes | I38: 30 | J38: Yes | K38: 20 | L38: 7 | M38: 58 | N38: =IF(D38="","",DATE(YEAR(D38),MONTH(D38),1)) -> 45383 | O38: =IF(A38="","",IF(ISNUMBER(I38),I38,0)) -> 30 | P38: =IF(A38="","",F38+O38+K38) -> 65 | Q38: =IF(A38="","",IF(P38-L38=M38,"OK","Divergente")) -> OK
A39: 3268 | B39: Carla Dias | C39: Standard | D39: 45385 | E39: Yes | F39: 10 | G39: Annual | H39: No | I39: - | J39: Yes | K39: 20 | L39: 10 | M39: 20 | N39: =IF(D39="","",DATE(YEAR(D39),MONTH(D39),1)) -> 45383 | O39: =IF(A39="","",IF(ISNUMBER(I39),I39,0)) -> 0 | P39: =IF(A39="","",F39+O39+K39) -> 30 | Q39: =IF(A39="","",IF(P39-L39=M39,"OK","Divergente")) -> OK
A40: 3269 | B40: Diego Fontes | C40: Core | D40: 45386 | E40: No | F40: 5 | G40: Quarterly | H40: No | I40: - | J40: No | K40: 0 | L40: 1 | M40: 4 | N40: =IF(D40="","",DATE(YEAR(D40),MONTH(D40),1)) -> 45383 | O40: =IF(A40="","",IF(ISNUMBER(I40),I40,0)) -> 0 | P40: =IF(A40="","",F40+O40+K40) -> 5 | Q40: =IF(A40="","",IF(P40-L40=M40,"OK","Divergente")) -> OK
A41: 3270 | B41: Eunice Lima | C41: Ultimate | D41: 45387 | E41: Yes | F41: 15 | G41: Monthly | H41: Yes | I41: 30 | J41: Yes | K41: 20 | L41: 15 | M41: 50 | N41: =IF(D41="","",DATE(YEAR(D41),MONTH(D41),1)) -> 45383 | O41: =IF(A41="","",IF(ISNUMBER(I41),I41,0)) -> 30 | P41: =IF(A41="","",F41+O41+K41) -> 65 | Q41: =IF(A41="","",IF(P41-L41=M41,"OK","Divergente")) -> OK
A42: 3271 | B42: Fábio Martins | C42: Standard | D42: 45388 | E42: No | F42: 10 | G42: Monthly | H42: No | I42: - | J42: Yes | K42: 20 | L42: 5 | M42: 25 | N42: =IF(D42="","",DATE(YEAR(D42),MONTH(D42),1)) -> 45383 | O42: =IF(A42="","",IF(ISNUMBER(I42),I42,0)) -> 0 | P42: =IF(A42="","",F42+O42+K42) -> 30 | Q42: =IF(A42="","",IF(P42-L42=M42,"OK","Divergente")) -> OK
A43: 3272 | B43: Gisele Araújo | C43: Core | D43: 45389 | E43: Yes | F43: 5 | G43: Annual | H43: No | I43: - | J43: No | K43: 0 | L43: 0 | M43: 5 | N43: =IF(D43="","",DATE(YEAR(D43),MONTH(D43),1)) -> 45383 | O43: =IF(A43="","",IF(ISNUMBER(I43),I43,0)) -> 0 | P43: =IF(A43="","",F43+O43+K43) -> 5 | Q43: =IF(A43="","",IF(P43-L43=M43,"OK","Divergente")) -> OK
A44: 3273 | B44: Hélio Castro | C44: Ultimate | D44: 45390 | E44: No | F44: 15 | G44: Quarterly | H44: Yes | I44: 30 | J44: Yes | K44: 20 | L44: 20 | M44: 45 | N44: =IF(D44="","",DATE(YEAR(D44),MONTH(D44),1)) -> 45383 | O44: =IF(A44="","",IF(ISNUMBER(I44),I44,0)) -> 30 | P44: =IF(A44="","",F44+O44+K44) -> 65 | Q44: =IF(A44="","",IF(P44-L44=M44,"OK","Divergente")) -> OK
A45: 3274 | B45: Ingrid Menezes | C45: Standard | D45: 45391 | E45: Yes | F45: 10 | G45: Quarterly | H45: No | I45: - | J45: Yes | K45: 20 | L45: 12 | M45: 18 | N45: =IF(D45="","",DATE(YEAR(D45),MONTH(D45),1)) -> 45383 | O45: =IF(A45="","",IF(ISNUMBER(I45),I45,0)) -> 0 | P45: =IF(A45="","",F45+O45+K45) -> 30 | Q45: =IF(A45="","",IF(P45-L45=M45,"OK","Divergente")) -> OK
A46: 3275 | B46: Jorge Baptista | C46: Core | D46: 45392 | E46: No | F46: 5 | G46: Monthly | H46: No | I46: - | J46: No | K46: 0 | L46: 2 | M46: 3 | N46: =IF(D46="","",DATE(YEAR(D46),MONTH(D46),1)) -> 45383 | O46: =IF(A46="","",IF(ISNUMBER(I46),I46,0)) -> 0 | P46: =IF(A46="","",F46+O46+K46) -> 5 | Q46: =IF(A46="","",IF(P46-L46=M46,"OK","Divergente")) -> OK
A47: 3276 | B47: Kléber Oliveira | C47: Ultimate | D47: 45393 | E47: Yes | F47: 15 | G47: Annual | H47: Yes | I47: 30 | J47: Yes | K47: 20 | L47: 5 | M47: 60 | N47: =IF(D47="","",DATE(YEAR(D47),MONTH(D47),1)) -> 45383 | O47: =IF(A47="","",IF(ISNUMBER(I47),I47,0)) -> 30 | P47: =IF(A47="","",F47+O47+K47) -> 65 | Q47: =IF(A47="","",IF(P47-L47=M47,"OK","Divergente")) -> OK
A48: 3277 | B48: Luciana Freitas | C48: Standard | D48: 45394 | E48: No | F48: 10 | G48: Monthly | H48: No | I48: - | J48: Yes | K48: 20 | L48: 10 | M48: 20 | N48: =IF(D48="","",DATE(YEAR(D48),MONTH(D48),1)) -> 45383 | O48: =IF(A48="","",IF(ISNUMBER(I48),I48,0)) -> 0 | P48: =IF(A48="","",F48+O48+K48) -> 30 | Q48: =IF(A48="","",IF(P48-L48=M48,"OK","Divergente")) -> OK
A49: 3278 | B49: Márcia Eller | C49: Core | D49: 45395 | E49: Yes | F49: 5 | G49: Quarterly | H49: No | I49: - | J49: No | K49: 0 | L49: 0 | M49: 5 | N49: =IF(D49="","",DATE(YEAR(D49),MONTH(D49),1)) -> 45383 | O49: =IF(A49="","",IF(ISNUMBER(I49),I49,0)) -> 0 | P49: =IF(A49="","",F49+O49+K49) -> 5 | Q49: =IF(A49="","",IF(P49-L49=M49,"OK","Divergente")) -> OK
A50: 3279 | B50: Nilo Peçanha | C50: Ultimate | D50: 45396 | E50: No | F50: 15 | G50: Monthly | H50: Yes | I50: 30 | J50: Yes | K50: 20 | L50: 3 | M50: 62 | N50: =IF(D50="","",DATE(YEAR(D50),MONTH(D50),1)) -> 45383 | O50: =IF(A50="","",IF(ISNUMBER(I50),I50,0)) -> 30 | P50: =IF(A50="","",F50+O50+K50) -> 65 | Q50: =IF(A50="","",IF(P50-L50=M50,"OK","Divergente")) -> OK
A51: 3280 | B51: Oscar Neves | C51: Standard | D51: 45397 | E51: Yes | F51: 10 | G51: Annual | H51: No | I51: - | J51: Yes | K51: 20 | L51: 15 | M51: 15 | N51: =IF(D51="","",DATE(YEAR(D51),MONTH(D51),1)) -> 45383 | O51: =IF(A51="","",IF(ISNUMBER(I51),I51,0)) -> 0 | P51: =IF(A51="","",F51+O51+K51) -> 30 | Q51: =IF(A51="","",IF(P51-L51=M51,"OK","Divergente")) -> OK
A52: 3281 | B52: Patrícia Soares | C52: Core | D52: 45398 | E52: No | F52: 5 | G52: Monthly | H52: No | I52: - | J52: No | K52: 0 | L52: 1 | M52: 4 | N52: =IF(D52="","",DATE(YEAR(D52),MONTH(D52),1)) -> 45383 | O52: =IF(A52="","",IF(ISNUMBER(I52),I52,0)) -> 0 | P52: =IF(A52="","",F52+O52+K52) -> 5 | Q52: =IF(A52="","",IF(P52-L52=M52,"OK","Divergente")) -> OK
A53: 3282 | B53: Quirino Gonçalves | C53: Ultimate | D53: 45399 | E53: Yes | F53: 15 | G53: Quarterly | H53: Yes | I53: 30 | J53: Yes | K53: 20 | L53: 7 | M53: 58 | N53: =IF(D53="","",DATE(YEAR(D53),MONTH(D53),1)) -> 45383 | O53: =IF(A53="","",IF(ISNUMBER(I53),I53,0)) -> 30 | P53: =IF(A53="","",F53+O53+K53) -> 65 | Q53: =IF(A53="","",IF(P53-L53=M53,"OK","Divergente")) -> OK
A54: 3283 | B54: Raul Machado | C54: Standard | D54: 45400 | E54: No | F54: 10 | G54: Monthly | H54: No | I54: - | J54: Yes | K54: 20 | L54: 10 | M54: 20 | N54: =IF(D54="","",DATE(YEAR(D54),MONTH(D54),1)) -> 45383 | O54: =IF(A54="","",IF(ISNUMBER(I54),I54,0)) -> 0 | P54: =IF(A54="","",F54+O54+K54) -> 30 | Q54: =IF(A54="","",IF(P54-L54=M54,"OK","Divergente")) -> OK
A55: 3284 | B55: Sônia Lobo | C55: Core | D55: 45401 | E55: Yes | F55: 5 | G55: Annual | H55: No | I55: - | J55: No | K55: 0 | L55: 0 | M55: 5 | N55: =IF(D55="","",DATE(YEAR(D55),MONTH(D55),1)) -> 45383 | O55: =IF(A55="","",IF(ISNUMBER(I55),I55,0)) -> 0 | P55: =IF(A55="","",F55+O55+K55) -> 5 | Q55: =IF(A55="","",IF(P55-L55=M55,"OK","Divergente")) -> OK
A56: 3285 | B56: Tiago Ramos | C56: Ultimate | D56: 45402 | E56: No | F56: 15 | G56: Monthly | H56: Yes | I56: 30 | J56: Yes | K56: 20 | L56: 20 | M56: 45 | N56: =IF(D56="","",DATE(YEAR(D56),MONTH(D56),1)) -> 45383 | O56: =IF(A56="","",IF(ISNUMBER(I56),I56,0)) -> 30 | P56: =IF(A56="","",F56+O56+K56) -> 65 | Q56: =IF(A56="","",IF(P56-L56=M56,"OK","Divergente")) -> OK
A57: 3286 | B57: Ugo Pires | C57: Standard | D57: 45403 | E57: Yes | F57: 10 | G57: Quarterly | H57: No | I57: - | J57: Yes | K57: 20 | L57: 15 | M57: 15 | N57: =IF(D57="","",DATE(YEAR(D57),MONTH(D57),1)) -> 45383 | O57: =IF(A57="","",IF(ISNUMBER(I57),I57,0)) -> 0 | P57: =IF(A57="","",F57+O57+K57) -> 30 | Q57: =IF(A57="","",IF(P57-L57=M57,"OK","Divergente")) -> OK
A58: 3287 | B58: Valéria Nobre | C58: Core | D58: 45404 | E58: No | F58: 5 | G58: Monthly | H58: No | I58: - | J58: No | K58: 0 | L58: 1 | M58: 4 | N58: =IF(D58="","",DATE(YEAR(D58),MONTH(D58),1)) -> 45383 | O58: =IF(A58="","",IF(ISNUMBER(I58),I58,0)) -> 0 | P58: =IF(A58="","",F58+O58+K58) -> 5 | Q58: =IF(A58="","",IF(P58-L58=M58,"OK","Divergente")) -> OK
A59: 3288 | B59: William Siqueira | C59: Ultimate | D59: 45405 | E59: Yes | F59: 15 | G59: Annual | H59: Yes | I59: 30 | J59: Yes | K59: 20 | L59: 3 | M59: 62 | N59: =IF(D59="","",DATE(YEAR(D59),MONTH(D59),1)) -> 45383 | O59: =IF(A59="","",IF(ISNUMBER(I59),I59,0)) -> 30 | P59: =IF(A59="","",F59+O59+K59) -> 65 | Q59: =IF(A59="","",IF(P59-L59=M59,"OK","Divergente")) -> OK
A60: 3289 | B60: Xuxa Meneghel | C60: Standard | D60: 45406 | E60: No | F60: 10 | G60: Monthly | H60: No | I60: - | J60: Yes | K60: 20 | L60: 10 | M60: 20 | N60: =IF(D60="","",DATE(YEAR(D60),MONTH(D60),1)) -> 45383 | O60: =IF(A60="","",IF(ISNUMBER(I60),I60,0)) -> 0 | P60: =IF(A60="","",F60+O60+K60) -> 30 | Q60: =IF(A60="","",IF(P60-L60=M60,"OK","Divergente")) -> OK
A61: 3290 | B61: Yara Figueiredo | C61: Core | D61: 45407 | E61: Yes | F61: 5 | G61: Quarterly | H61: No | I61: - | J61: No | K61: 0 | L61: 0 | M61: 5 | N61: =IF(D61="","",DATE(YEAR(D61),MONTH(D61),1)) -> 45383 | O61: =IF(A61="","",IF(ISNUMBER(I61),I61,0)) -> 0 | P61: =IF(A61="","",F61+O61+K61) -> 5 | Q61: =IF(A61="","",IF(P61-L61=M61,"OK","Divergente")) -> OK
A62: 3291 | B62: Zacarias Alves | C62: Ultimate | D62: 45408 | E62: No | F62: 15 | G62: Monthly | H62: Yes | I62: 30 | J62: Yes | K62: 20 | L62: 5 | M62: 60 | N62: =IF(D62="","",DATE(YEAR(D62),MONTH(D62),1)) -> 45383 | O62: =IF(A62="","",IF(ISNUMBER(I62),I62,0)) -> 30 | P62: =IF(A62="","",F62+O62+K62) -> 65 | Q62: =IF(A62="","",IF(P62-L62=M62,"OK","Divergente")) -> OK
A63: 3292 | B63: Amanda Bynes | C63: Standard | D63: 45409 | E63: Yes | F63: 10 | G63: Annual | H63: No | I63: - | J63: Yes | K63: 20 | L63: 15 | M63: 15 | N63: =IF(D63="","",DATE(YEAR(D63),MONTH(D63),1)) -> 45383 | O63: =IF(A63="","",IF(ISNUMBER(I63),I63,0)) -> 0 | P63: =IF(A63="","",F63+O63+K63) -> 30 | Q63: =IF(A63="","",IF(P63-L63=M63,"OK","Divergente")) -> OK
A64: 3293 | B64: Bruno Mars | C64: Core | D64: 45410 | E64: No | F64: 5 | G64: Monthly | H64: No | I64: - | J64: No | K64: 0 | L64: 1 | M64: 4 | N64: =IF(D64="","",DATE(YEAR(D64),MONTH(D64),1)) -> 45383 | O64: =IF(A64="","",IF(ISNUMBER(I64),I64,0)) -> 0 | P64: =IF(A64="","",F64+O64+K64) -> 5 | Q64: =IF(A64="","",IF(P64-L64=M64,"OK","Divergente")) -> OK
A65: 3294 | B65: Carla Bruni | C65: Ultimate | D65: 45411 | E65: Yes | F65: 15 | G65: Quarterly | H65: Yes | I65: 30 | J65: Yes | K65: 20 | L65: 20 | M65: 45 | N65: =IF(D65="","",DATE(YEAR(D65),MONTH(D65),1)) -> 45383 | O65: =IF(A65="","",IF(ISNUMBER(I65),I65,0)) -> 30 | P65: =IF(A65="","",F65+O65+K65) -> 65 | Q65: =IF(A65="","",IF(P65-L65=M65,"OK","Divergente")) -> OK
A66: 3295 | B66: Diego Maradona | C66: Standard | D66: 45412 | E66: No | F66: 10 | G66: Monthly | H66: No | I66: - | J66: Yes | K66: 20 | L66: 5 | M66: 25 | N66: =IF(D66="","",DATE(YEAR(D66),MONTH(D66),1)) -> 45383 | O66: =IF(A66="","",IF(ISNUMBER(I66),I66,0)) -> 0 | P66: =IF(A66="","",F66+O66+K66) -> 30 | Q66: =IF(A66="","",IF(P66-L66=M66,"OK","Divergente")) -> OK
A67: 3296 | B67: Estela Marques | C67: Core | D67: 45413 | E67: No | F67: 5 | G67: Monthly | H67: No | I67: - | J67: No | K67: 0 | L67: 0 | M67: 5 | N67: =IF(D67="","",DATE(YEAR(D67),MONTH(D67),1)) -> 45413 | O67: =IF(A67="","",IF(ISNUMBER(I67),I67,0)) -> 0 | P67: =IF(A67="","",F67+O67+K67) -> 5 | Q67: =IF(A67="","",IF(P67-L67=M67,"OK","Divergente")) -> OK
A68: 3297 | B68: Fábio Nobre | C68: Ultimate | D68: 45414 | E68: Yes | F68: 15 | G68: Quarterly | H68: Yes | I68: 30 | J68: Yes | K68: 20 | L68: 7 | M68: 58 | N68: =IF(D68="","",DATE(YEAR(D68),MONTH(D68),1)) -> 45413 | O68: =IF(A68="","",IF(ISNUMBER(I68),I68,0)) -> 30 | P68: =IF(A68="","",F68+O68+K68) -> 65 | Q68: =IF(A68="","",IF(P68-L68=M68,"OK","Divergente")) -> OK
A69: 3298 | B69: Gabriel Oliveira | C69: Standard | D69: 45415 | E69: No | F69: 10 | G69: Annual | H69: No | I69: - | J69: Yes | K69: 20 | L69: 10 | M69: 20 | N69: =IF(D69="","",DATE(YEAR(D69),MONTH(D69),1)) -> 45413 | O69: =IF(A69="","",IF(ISNUMBER(I69),I69,0)) -> 0 | P69: =IF(A69="","",F69+O69+K69) -> 30 | Q69: =IF(A69="","",IF(P69-L69=M69,"OK","Divergente")) -> OK
A70: 3299 | B70: Helena Santos | C70: Core | D70: 45416 | E70: Yes | F70: 5 | G70: Quarterly | H70: No | I70: - | J70: No | K70: 0 | L70: 1 | M70: 4 | N70: =IF(D70="","",DATE(YEAR(D70),MONTH(D70),1)) -> 45413 | O70: =IF(A70="","",IF(ISNUMBER(I70),I70,0)) -> 0 | P70: =IF(A70="","",F70+O70+K70) -> 5 | Q70: =IF(A70="","",IF(P70-L70=M70,"OK","Divergente")) -> OK
A71: 3300 | B71: Ivan Carvalho | C71: Ultimate | D71: 45417 | E71: No | F71: 15 | G71: Monthly | H71: Yes | I71: 30 | J71: Yes | K71: 20 | L71: 15 | M71: 50 | N71: =IF(D71="","",DATE(YEAR(D71),MONTH(D71),1)) -> 45413 | O71: =IF(A71="","",IF(ISNUMBER(I71),I71,0)) -> 30 | P71: =IF(A71="","",F71+O71+K71) -> 65 | Q71: =IF(A71="","",IF(P71-L71=M71,"OK","Divergente")) -> OK
A72: 3301 | B72: Júlia Ferreira | C72: Standard | D72: 45418 | E72: Yes | F72: 10 | G72: Monthly | H72: No | I72: - | J72: Yes | K72: 20 | L72: 5 | M72: 25 | N72: =IF(D72="","",DATE(YEAR(D72),MONTH(D72),1)) -> 45413 | O72: =IF(A72="","",IF(ISNUMBER(I72),I72,0)) -> 0 | P72: =IF(A72="","",F72+O72+K72) -> 30 | Q72: =IF(A72="","",IF(P72-L72=M72,"OK","Divergente")) -> OK
A73: 3302 | B73: Karla Alves | C73: Core | D73: 45419 | E73: No | F73: 5 | G73: Annual | H73: No | I73: - | J73: No | K73: 0 | L73: 0 | M73: 5 | N73: =IF(D73="","",DATE(YEAR(D73),MONTH(D73),1)) -> 45413 | O73: =IF(A73="","",IF(ISNUMBER(I73),I73,0)) -> 0 | P73: =IF(A73="","",F73+O73+K73) -> 5 | Q73: =IF(A73="","",IF(P73-L73=M73,"OK","Divergente")) -> OK
A74: 3303 | B74: Lucas Mendes | C74: Ultimate | D74: 45420 | E74: Yes | F74: 15 | G74: Quarterly | H74: Yes | I74: 30 | J74: Yes | K74: 20 | L74: 20 | M74: 45 | N74: =IF(D74="","",DATE(YEAR(D74),MONTH(D74),1)) -> 45413 | O74: =IF(A74="","",IF(ISNUMBER(I74),I74,0)) -> 30 | P74: =IF(A74="","",F74+O74+K74) -> 65 | Q74: =IF(A74="","",IF(P74-L74=M74,"OK","Divergente")) -> OK
A75: 3304 | B75: Mônica Gomes | C75: Standard | D75: 45421 | E75: No | F75: 10 | G75: Quarterly | H75: No | I75: - | J75: Yes | K75: 20 | L75: 12 | M75: 18 | N75: =IF(D75="","",DATE(YEAR(D75),MONTH(D75),1)) -> 45413 | O75: =IF(A75="","",IF(ISNUMBER(I75),I75,0)) -> 0 | P75: =IF(A75="","",F75+O75+K75) -> 30 | Q75: =IF(A75="","",IF(P75-L75=M75,"OK","Divergente")) -> OK
A76: 3305 | B76: Norberto Queiroz | C76: Core | D76: 45422 | E76: Yes | F76: 5 | G76: Monthly | H76: No | I76: - | J76: No | K76: 0 | L76: 2 | M76: 3 | N76: =IF(D76="","",DATE(YEAR(D76),MONTH(D76),1)) -> 45413 | O76: =IF(A76="","",IF(ISNUMBER(I76),I76,0)) -> 0 | P76: =IF(A76="","",F76+O76+K76) -> 5 | Q76: =IF(A76="","",IF(P76-L76=M76,"OK","Divergente")) -> OK
A77: 3306 | B77: Otávio Barros | C77: Ultimate | D77: 45423 | E77: No | F77: 15 | G77: Annual | H77: Yes | I77: 30 | J77: Yes | K77: 20 | L77: 5 | M77: 60 | N77: =IF(D77="","",DATE(YEAR(D77),MONTH(D77),1)) -> 45413 | O77: =IF(A77="","",IF(ISNUMBER(I77),I77,0)) -> 30 | P77: =IF(A77="","",F77+O77+K77) -> 65 | Q77: =IF(A77="","",IF(P77-L77=M77,"OK","Divergente")) -> OK
A78: 3307 | B78: Paula Vieira | C78: Standard | D78: 45424 | E78: Yes | F78: 10 | G78: Monthly | H78: No | I78: - | J78: Yes | K78: 20 | L78: 10 | M78: 20 | N78: =IF(D78="","",DATE(YEAR(D78),MONTH(D78),1)) -> 45413 | O78: =IF(A78="","",IF(ISNUMBER(I78),I78,0)) -> 0 | P78: =IF(A78="","",F78+O78+K78) -> 30 | Q78: =IF(A78="","",IF(P78-L78=M78,"OK","Divergente")) -> OK
A79: 3308 | B79: Quentin Ramos | C79: Core | D79: 45425 | E79: No | F79: 5 | G79: Quarterly | H79: No | I79: - | J79: No | K79: 0 | L79: 0 | M79: 5 | N79: =IF(D79="","",DATE(YEAR(D79),MONTH(D79),1)) -> 45413 | O79: =IF(A79="","",IF(ISNUMBER(I79),I79,0)) -> 0 | P79: =IF(A79="","",F79+O79+K79) -> 5 | Q79: =IF(A79="","",IF(P79-L79=M79,"OK","Divergente")) -> OK
A80: 3309 | B80: Raquel Novaes | C80: Ultimate | D80: 45426 | E80: Yes | F80: 15 | G80: Monthly | H80: Yes | I80: 30 | J80: Yes | K80: 20 | L80: 3 | M80: 62 | N80: =IF(D80="","",DATE(YEAR(D80),MONTH(D80),1)) -> 45413 | O80: =IF(A80="","",IF(ISNUMBER(I80),I80,0)) -> 30 | P80: =IF(A80="","",F80+O80+K80) -> 65 | Q80: =IF(A80="","",IF(P80-L80=M80,"OK","Divergente")) -> OK
A81: 3310 | B81: Samantha Lopes | C81: Standard | D81: 45427 | E81: No | F81: 10 | G81: Annual | H81: No | I81: - | J81: Yes | K81: 20 | L81: 15 | M81: 15 | N81: =IF(D81="","",DATE(YEAR(D81),MONTH(D81),1)) -> 45413 | O81: =IF(A81="","",IF(ISNUMBER(I81),I81,0)) -> 0 | P81: =IF(A81="","",F81+O81+K81) -> 30 | Q81: =IF(A81="","",IF(P81-L81=M81,"OK","Divergente")) -> OK
A82: 3311 | B82: Tiago Martins | C82: Core | D82: 45428 | E82: Yes | F82: 5 | G82: Monthly | H82: No | I82: - | J82: No | K82: 0 | L82: 1 | M82: 4 | N82: =IF(D82="","",DATE(YEAR(D82),MONTH(D82),1)) -> 45413 | O82: =IF(A82="","",IF(ISNUMBER(I82),I82,0)) -> 0 | P82: =IF(A82="","",F82+O82+K82) -> 5 | Q82: =IF(A82="","",IF(P82-L82=M82,"OK","Divergente")) -> OK
A83: 3312 | B83: Ulysses Guimarães | C83: Ultimate | D83: 45429 | E83: No | F83: 15 | G83: Quarterly | H83: Yes | I83: 30 | J83: Yes | K83: 20 | L83: 7 | M83: 58 | N83: =IF(D83="","",DATE(YEAR(D83),MONTH(D83),1)) -> 45413 | O83: =IF(A83="","",IF(ISNUMBER(I83),I83,0)) -> 30 | P83: =IF(A83="","",F83+O83+K83) -> 65 | Q83: =IF(A83="","",IF(P83-L83=M83,"OK","Divergente")) -> OK
A84: 3313 | B84: Vanessa Silva | C84: Standard | D84: 45430 | E84: Yes | F84: 10 | G84: Monthly | H84: No | I84: - | J84: Yes | K84: 20 | L84: 10 | M84: 20 | N84: =IF(D84="","",DATE(YEAR(D84),MONTH(D84),1)) -> 45413 | O84: =IF(A84="","",IF(ISNUMBER(I84),I84,0)) -> 0 | P84: =IF(A84="","",F84+O84+K84) -> 30 | Q84: =IF(A84="","",IF(P84-L84=M84,"OK","Divergente")) -> OK
A85: 3314 | B85: William Carneiro | C85: Core | D85: 45431 | E85: No | F85: 5 | G85: Annual | H85: No | I85: - | J85: No | K85: 0 | L85: 0 | M85: 5 | N85: =IF(D85="","",DATE(YEAR(D85),MONTH(D85),1)) -> 45413 | O85: =IF(A85="","",IF(ISNUMBER(I85),I85,0)) -> 0 | P85: =IF(A85="","",F85+O85+K85) -> 5 | Q85: =IF(A85="","",IF(P85-L85=M85,"OK","Divergente")) -> OK
A86: 3315 | B86: Ximena Rocha | C86: Ultimate | D86: 45432 | E86: Yes | F86: 15 | G86: Monthly | H86: Yes | I86: 30 | J86: Yes | K86: 20 | L86: 20 | M86: 45 | N86: =IF(D86="","",DATE(YEAR(D86),MONTH(D86),1)) -> 45413 | O86: =IF(A86="","",IF(ISNUMBER(I86),I86,0)) -> 30 | P86: =IF(A86="","",F86+O86+K86) -> 65 | Q86: =IF(A86="","",IF(P86-L86=M86,"OK","Divergente")) -> OK
A87: 3316 | B87: Yasmin Figueiredo | C87: Standard | D87: 45433 | E87: No | F87: 10 | G87: Quarterly | H87: No | I87: - | J87: Yes | K87: 20 | L87: 15 | M87: 15 | N87: =IF(D87="","",DATE(YEAR(D87),MONTH(D87),1)) -> 45413 | O87: =IF(A87="","",IF(ISNUMBER(I87),I87,0)) -> 0 | P87: =IF(A87="","",F87+O87+K87) -> 30 | Q87: =IF(A87="","",IF(P87-L87=M87,"OK","Divergente")) -> OK
A88: 3317 | B88: Zara Cunha | C88: Core | D88: 45434 | E88: Yes | F88: 5 | G88: Monthly | H88: No | I88: - | J88: No | K88: 0 | L88: 1 | M88: 4 | N88: =IF(D88="","",DATE(YEAR(D88),MONTH(D88),1)) -> 45413 | O88: =IF(A88="","",IF(ISNUMBER(I88),I88,0)) -> 0 | P88: =IF(A88="","",F88+O88+K88) -> 5 | Q88: =IF(A88="","",IF(P88-L88=M88,"OK","Divergente")) -> OK
A89: 3318 | B89: Alan Teixeira | C89: Ultimate | D89: 45435 | E89: No | F89: 15 | G89: Annual | H89: Yes | I89: 30 | J89: Yes | K89: 20 | L89: 3 | M89: 62 | N89: =IF(D89="","",DATE(YEAR(D89),MONTH(D89),1)) -> 45413 | O89: =IF(A89="","",IF(ISNUMBER(I89),I89,0)) -> 30 | P89: =IF(A89="","",F89+O89+K89) -> 65 | Q89: =IF(A89="","",IF(P89-L89=M89,"OK","Divergente")) -> OK
A90: 3319 | B90: Bárbara Oliveira | C90: Standard | D90: 45436 | E90: Yes | F90: 10 | G90: Monthly | H90: No | I90: - | J90: Yes | K90: 20 | L90: 10 | M90: 20 | N90: =IF(D90="","",DATE(YEAR(D90),MONTH(D90),1)) -> 45413 | O90: =IF(A90="","",IF(ISNUMBER(I90),I90,0)) -> 0 | P90: =IF(A90="","",F90+O90+K90) -> 30 | Q90: =IF(A90="","",IF(P90-L90=M90,"OK","Divergente")) -> OK
A91: 3320 | B91: Carlos Junqueira | C91: Core | D91: 45437 | E91: No | F91: 5 | G91: Quarterly | H91: No | I91: - | J91: No | K91: 0 | L91: 0 | M91: 5 | N91: =IF(D91="","",DATE(YEAR(D91),MONTH(D91),1)) -> 45413 | O91: =IF(A91="","",IF(ISNUMBER(I91),I91,0)) -> 0 | P91: =IF(A91="","",F91+O91+K91) -> 5 | Q91: =IF(A91="","",IF(P91-L91=M91,"OK","Divergente")) -> OK
A92: 3321 | B92: Daniela Moura | C92: Ultimate | D92: 45438 | E92: Yes | F92: 15 | G92: Monthly | H92: Yes | I92: 30 | J92: Yes | K92: 20 | L92: 5 | M92: 60 | N92: =IF(D92="","",DATE(YEAR(D92),MONTH(D92),1)) -> 45413 | O92: =IF(A92="","",IF(ISNUMBER(I92),I92,0)) -> 30 | P92: =IF(A92="","",F92+O92+K92) -> 65 | Q92: =IF(A92="","",IF(P92-L92=M92,"OK","Divergente")) -> OK
A93: 3322 | B93: Eduardo Lima | C93: Standard | D93: 45439 | E93: No | F93: 10 | G93: Annual | H93: No | I93: - | J93: Yes | K93: 20 | L93: 15 | M93: 15 | N93: =IF(D93="","",DATE(YEAR(D93),MONTH(D93),1)) -> 45413 | O93: =IF(A93="","",IF(ISNUMBER(I93),I93,0)) -> 0 | P93: =IF(A93="","",F93+O93+K93) -> 30 | Q93: =IF(A93="","",IF(P93-L93=M93,"OK","Divergente")) -> OK
A94: 3323 | B94: Fabiana Araújo | C94: Core | D94: 45440 | E94: Yes | F94: 5 | G94: Monthly | H94: No | I94: - | J94: No | K94: 0 | L94: 1 | M94: 4 | N94: =IF(D94="","",DATE(YEAR(D94),MONTH(D94),1)) -> 45413 | O94: =IF(A94="","",IF(ISNUMBER(I94),I94,0)) -> 0 | P94: =IF(A94="","",F94+O94+K94) -> 5 | Q94: =IF(A94="","",IF(P94-L94=M94,"OK","Divergente")) -> OK
A95: 3324 | B95: Geraldo Ribeiro | C95: Ultimate | D95: 45441 | E95: No | F95: 15 | G95: Quarterly | H95: Yes | I95: 30 | J95: Yes | K95: 20 | L95: 20 | M95: 45 | N95: =IF(D95="","",DATE(YEAR(D95),MONTH(D95),1)) -> 45413 | O95: =IF(A95="","",IF(ISNUMBER(I95),I95,0)) -> 30 | P95: =IF(A95="","",F95+O95+K95) -> 65 | Q95: =IF(A95="","",IF(P95-L95=M95,"OK","Divergente")) -> OK
A96: 3325 | B96: Héctor Vargas | C96: Standard | D96: 45442 | E96: Yes | F96: 10 | G96: Quarterly | H96: No | I96: - | J96: Yes | K96: 20 | L96: 15 | M96: 15 | N96: =IF(D96="","",DATE(YEAR(D96),MONTH(D96),1)) -> 45413 | O96: =IF(A96="","",IF(ISNUMBER(I96),I96,0)) -> 0 | P96: =IF(A96="","",F96+O96+K96) -> 30 | Q96: =IF(A96="","",IF(P96-L96=M96,"OK","Divergente")) -> OK
A97: 3326 | B97: Isabela Fonseca | C97: Core | D97: 45443 | E97: No | F97: 5 | G97: Annual | H97: No | I97: - | J97: No | K97: 0 | L97: 0 | M97: 5 | N97: =IF(D97="","",DATE(YEAR(D97),MONTH(D97),1)) -> 45413 | O97: =IF(A97="","",IF(ISNUMBER(I97),I97,0)) -> 0 | P97: =IF(A97="","",F97+O97+K97) -> 5 | Q97: =IF(A97="","",IF(P97-L97=M97,"OK","Divergente")) -> OK
A98: 3327 | B98: João Pedro Almeida | C98: Ultimate | D98: 45444 | E98: Yes | F98: 15 | G98: Monthly | H98: Yes | I98: 30 | J98: Yes | K98: 20 | L98: 7 | M98: 58 | N98: =IF(D98="","",DATE(YEAR(D98),MONTH(D98),1)) -> 45444 | O98: =IF(A98="","",IF(ISNUMBER(I98),I98,0)) -> 30 | P98: =IF(A98="","",F98+O98+K98) -> 65 | Q98: =IF(A98="","",IF(P98-L98=M98,"OK","Divergente")) -> OK
A99: 3328 | B99: Klara Costa | C99: Standard | D99: 45445 | E99: No | F99: 10 | G99: Annual | H99: No | I99: - | J99: Yes | K99: 20 | L99: 10 | M99: 20 | N99: =IF(D99="","",DATE(YEAR(D99),MONTH(D99),1)) -> 45444 | O99: =IF(A99="","",IF(ISNUMBER(I99),I99,0)) -> 0 | P99: =IF(A99="","",F99+O99+K99) -> 30 | Q99: =IF(A99="","",IF(P99-L99=M99,"OK","Divergente")) -> OK
A100: 3329 | B100: Luciana Mendes | C100: Core | D100: 45446 | E100: Yes | F100: 5 | G100: Quarterly | H100: No | I100: - | J100: No | K100: 0 | L100: 1 | M100: 4 | N100: =IF(D100="","",DATE(YEAR(D100),MONTH(D100),1)) -> 45444 | O100: =IF(A100="","",IF(ISNUMBER(I100),I100,0)) -> 0 | P100: =IF(A100="","",F100+O100+K100) -> 5 | Q100: =IF(A100="","",IF(P100-L100=M100,"OK","Divergente")) -> OK
...
